model,sparse_enable,scheduling_enable,qps,hardware_name,iteration,request_batch_size,iteration_latency,average_utilization,normalized_variance,scheduling_remainder
llama4,True,True,1.5,gpu,1,64,0.004996896579041677,0,0,0
llama4,True,True,1.5,gpu,2,64,0.0050076489883905465,0,0,0
llama4,True,True,1.5,gpu,3,64,0.0050184013977394165,0,0,0
llama4,True,True,1.5,gpu,4,65,0.005066376426653377,0,0,0
llama4,True,True,1.5,gpu,5,65,0.0050772968423983215,0,0,0
llama4,True,True,1.5,gpu,6,65,0.005088217258143267,0,0,0
llama4,True,True,1.5,gpu,7,63,0.005073260253062639,0,0,0
llama4,True,True,1.5,gpu,8,63,0.005083844656015432,0,0,0
llama4,True,True,1.5,gpu,9,63,0.005094429058968225,0,0,0
llama4,True,True,1.5,gpu,10,64,0.0051276307008983855,0,0,0
llama4,True,True,1.5,gpu,11,63,0.005129223146762318,0,0,0
llama4,True,True,1.5,gpu,12,65,0.005167372019420755,0,0,0
llama4,True,True,1.5,gpu,13,64,0.0051661055625836705,0,0,0
llama4,True,True,1.5,gpu,14,64,0.00515099755979158,0,0,0
llama4,True,True,1.5,gpu,15,64,0.0051617499691404495,0,0,0
llama4,True,True,1.5,gpu,16,63,0.0051584674355504515,0,0,0
llama4,True,True,1.5,gpu,17,62,0.005160220902891151,0,0,0
llama4,True,True,1.5,gpu,18,62,0.005166106714689261,0,0,0
llama4,True,True,1.5,gpu,19,61,0.00516752556622167,0,0,0
llama4,True,True,1.5,gpu,20,59,0.0050793219634034555,0,0,0
llama4,True,True,1.5,gpu,21,59,0.005089234340771943,0,0,0
llama4,True,True,1.5,gpu,22,59,0.005099146718140433,0,0,0
llama4,True,True,1.5,gpu,23,58,0.005041600912585584,0,0,0
llama4,True,True,1.5,gpu,24,57,0.0050352900729146305,0,0,0
llama4,True,True,1.5,gpu,25,56,0.00503788357223571,0,0,0
llama4,True,True,1.5,gpu,26,56,0.005047291930415971,0,0,0
llama4,True,True,1.5,gpu,27,56,0.005056700288596231,0,0,0
llama4,True,True,1.5,gpu,28,59,0.005148198997859201,0,0,0
llama4,True,True,1.5,gpu,29,57,0.005060324422913829,0,0,0
llama4,True,True,1.5,gpu,30,60,0.005154505646578569,0,0,0
llama4,True,True,1.5,gpu,31,59,0.005149547239979395,0,0,0
llama4,True,True,1.5,gpu,32,58,0.005134175230791229,0,0,0
llama4,True,True,1.5,gpu,33,56,0.005051331068841106,0,0,0
llama4,True,True,1.5,gpu,34,55,0.0050829952626187955,0,0,0
llama4,True,True,1.5,gpu,35,55,0.00509223561440298,0,0,0
llama4,True,True,1.5,gpu,36,55,0.005132209960798192,0,0,0
llama4,True,True,1.5,gpu,37,54,0.005115145314794508,0,0,0
llama4,True,True,1.5,gpu,38,56,0.005170093430076692,0,0,0
llama4,True,True,1.5,gpu,39,53,0.005087156062094292,0,0,0
llama4,True,True,1.5,gpu,40,53,0.005049533805244146,0,0,0
llama4,True,True,1.5,gpu,41,53,0.005058438144236178,0,0,0
llama4,True,True,1.5,gpu,42,53,0.00506734248322821,0,0,0
llama4,True,True,1.5,gpu,43,52,0.005058851751359854,0,0,0
llama4,True,True,1.5,gpu,44,55,0.005086323259911494,0,0,0
llama4,True,True,1.5,gpu,45,55,0.005095563611695677,0,0,0
llama4,True,True,1.5,gpu,46,56,0.0051642090152624436,0,0,0
llama4,True,True,1.5,gpu,47,54,0.0050956495879303735,0,0,0
llama4,True,True,1.5,gpu,48,53,0.005084304144312585,0,0,0
llama4,True,True,1.5,gpu,49,52,0.0050302850760914715,0,0,0
llama4,True,True,1.5,gpu,50,53,0.005082799071667209,0,0,0
llama4,True,True,1.5,gpu,51,52,0.005073969533038977,0,0,0
llama4,True,True,1.5,gpu,52,49,0.004996756955377921,0,0,0
llama4,True,True,1.5,gpu,53,46,0.004889131029075509,0,0,0
llama4,True,True,1.5,gpu,54,45,0.004881487314106843,0,0,0
llama4,True,True,1.5,gpu,55,45,0.004889047601930267,0,0,0
llama4,True,True,1.5,gpu,56,47,0.004957101613090247,0,0,0
llama4,True,True,1.5,gpu,57,47,0.004964997913705823,0,0,0
llama4,True,True,1.5,gpu,58,46,0.004908126927703002,0,0,0
llama4,True,True,1.5,gpu,59,46,0.004915855221922502,0,0,0
llama4,True,True,1.5,gpu,60,48,0.004969796695812092,0,0,0
llama4,True,True,1.5,gpu,61,48,0.004977861002823744,0,0,0
llama4,True,True,1.5,gpu,62,49,0.005014907234089586,0,0,0
llama4,True,True,1.5,gpu,63,47,0.004977084595336268,0,0,0
llama4,True,True,1.5,gpu,64,47,0.004984980895951844,0,0,0
llama4,True,True,1.5,gpu,65,46,0.004978170228044249,0,0,0
llama4,True,True,1.5,gpu,66,46,0.004985898522263748,0,0,0
llama4,True,True,1.5,gpu,67,45,0.00492936354905308,0,0,0
llama4,True,True,1.5,gpu,68,47,0.005050849182100702,0,0,0
llama4,True,True,1.5,gpu,69,46,0.005034462149616769,0,0,0
llama4,True,True,1.5,gpu,70,48,0.005047580863227595,0,0,0
llama4,True,True,1.5,gpu,71,48,0.005055645170239246,0,0,0
llama4,True,True,1.5,gpu,72,48,0.005042376855900822,0,0,0
llama4,True,True,1.5,gpu,73,48,0.005050441162912473,0,0,0
llama4,True,True,1.5,gpu,74,49,0.005069519091701347,0,0,0
llama4,True,True,1.5,gpu,75,47,0.005001633086937443,0,0,0
llama4,True,True,1.5,gpu,76,48,0.005068076246565014,0,0,0
llama4,True,True,1.5,gpu,77,48,0.005076140553576666,0,0,0
llama4,True,True,1.5,gpu,78,47,0.005039595547531328,0,0,0
llama4,True,True,1.5,gpu,79,46,0.004998841999680916,0,0,0
llama4,True,True,1.5,gpu,80,46,0.004980198877651918,0,0,0
llama4,True,True,1.5,gpu,81,46,0.004987927171871418,0,0,0
llama4,True,True,1.5,gpu,82,47,0.005003469981423384,0,0,0
llama4,True,True,1.5,gpu,83,47,0.0050113662820389605,0,0,0
llama4,True,True,1.5,gpu,84,47,0.005019262582654536,0,0,0
llama4,True,True,1.5,gpu,85,47,0.005027158883270112,0,0,0
llama4,True,True,1.5,gpu,86,48,0.005046890676853085,0,0,0
llama4,True,True,1.5,gpu,87,48,0.005054954983864737,0,0,0
llama4,True,True,1.5,gpu,88,50,0.005044387589596558,0,0,0
llama4,True,True,1.5,gpu,89,46,0.004927100474588704,0,0,0
llama4,True,True,1.5,gpu,90,46,0.004920548225141737,0,0,0
llama4,True,True,1.5,gpu,91,45,0.004902145115904892,0,0,0
llama4,True,True,1.5,gpu,92,46,0.004923237724462817,0,0,0
llama4,True,True,1.5,gpu,93,45,0.004883996234177089,0,0,0
llama4,True,True,1.5,gpu,94,47,0.004951215801292137,0,0,0
llama4,True,True,1.5,gpu,95,46,0.004926264633559909,0,0,0
llama4,True,True,1.5,gpu,96,48,0.004980369922893989,0,0,0
llama4,True,True,1.5,gpu,97,47,0.004949033115127009,0,0,0
llama4,True,True,1.5,gpu,98,49,0.005012895348288259,0,0,0
llama4,True,True,1.5,gpu,99,48,0.004977529180983178,0,0,0
llama4,True,True,1.5,gpu,100,49,0.0049604857346156935,0,0,0
llama4,True,True,1.5,gpu,101,47,0.0048932675644845075,0,0,0
llama4,True,True,1.5,gpu,102,48,0.00492712586517649,0,0,0
llama4,True,True,1.5,gpu,103,46,0.004846637983723018,0,0,0
llama4,True,True,1.5,gpu,104,48,0.004903942379501852,0,0,0
llama4,True,True,1.5,gpu,105,47,0.004885374057836655,0,0,0
llama4,True,True,1.5,gpu,106,46,0.004818253284689331,0,0,0
llama4,True,True,1.5,gpu,107,46,0.004825981578908831,0,0,0
llama4,True,True,1.5,gpu,108,44,0.004770017043347019,0,0,0
llama4,True,True,1.5,gpu,109,43,0.004737838806615797,0,0,0
llama4,True,True,1.5,gpu,110,43,0.004699865170151017,0,0,0
llama4,True,True,1.5,gpu,111,40,0.0046340756304392725,0,0,0
llama4,True,True,1.5,gpu,112,39,0.004612483193644706,0,0,0
llama4,True,True,1.5,gpu,113,39,0.004619035443091673,0,0,0
llama4,True,True,1.5,gpu,114,40,0.00464869777483334,0,0,0
llama4,True,True,1.5,gpu,115,40,0.004655418030676383,0,0,0
llama4,True,True,1.5,gpu,116,39,0.0046558316378000585,0,0,0
llama4,True,True,1.5,gpu,117,38,0.00463053747235637,0,0,0
llama4,True,True,1.5,gpu,118,39,0.004655330412579555,0,0,0
llama4,True,True,1.5,gpu,119,38,0.00459375245351888,0,0,0
llama4,True,True,1.5,gpu,120,37,0.004539738973233214,0,0,0
llama4,True,True,1.5,gpu,121,37,0.00454595520988803,0,0,0
llama4,True,True,1.5,gpu,122,40,0.00468399588181566,0,0,0
llama4,True,True,1.5,gpu,123,40,0.004690716137658704,0,0,0
llama4,True,True,1.5,gpu,124,41,0.0047254116763633435,0,0,0
llama4,True,True,1.5,gpu,125,40,0.004683150261899832,0,0,0
llama4,True,True,1.5,gpu,126,41,0.004716675343767387,0,0,0
llama4,True,True,1.5,gpu,127,39,0.004694650894180668,0,0,0
llama4,True,True,1.5,gpu,128,40,0.004742287116334751,0,0,0
llama4,True,True,1.5,gpu,129,40,0.004749007372177795,0,0,0
llama4,True,True,1.5,gpu,130,41,0.004718174828477314,0,0,0
llama4,True,True,1.5,gpu,131,41,0.004725063090716434,0,0,0
llama4,True,True,1.5,gpu,132,40,0.004650209832398024,0,0,0
llama4,True,True,1.5,gpu,133,37,0.004511156931142351,0,0,0
llama4,True,True,1.5,gpu,134,40,0.0046214835326367385,0,0,0
llama4,True,True,1.5,gpu,135,39,0.004569641562645305,0,0,0
llama4,True,True,1.5,gpu,136,39,0.0045588877563125735,0,0,0
llama4,True,True,1.5,gpu,137,39,0.004565440005759541,0,0,0
llama4,True,True,1.5,gpu,138,39,0.004598372053358177,0,0,0
llama4,True,True,1.5,gpu,139,37,0.0045509842258994165,0,0,0
llama4,True,True,1.5,gpu,140,37,0.004538050527369282,0,0,0
llama4,True,True,1.5,gpu,141,37,0.004544266764024097,0,0,0
llama4,True,True,1.5,gpu,142,37,0.004559223524226454,0,0,0
llama4,True,True,1.5,gpu,143,36,0.00454031639580138,0,0,0
llama4,True,True,1.5,gpu,144,35,0.004477387400652788,0,0,0
llama4,True,True,1.5,gpu,145,35,0.004483267624515451,0,0,0
llama4,True,True,1.5,gpu,146,33,0.004415381619751546,0,0,0
llama4,True,True,1.5,gpu,147,33,0.004420925830822057,0,0,0
llama4,True,True,1.5,gpu,148,34,0.004454611934166379,0,0,0
llama4,True,True,1.5,gpu,149,34,0.004460324151632966,0,0,0
llama4,True,True,1.5,gpu,150,38,0.004574767730762283,0,0,0
llama4,True,True,1.5,gpu,151,38,0.004581151973813174,0,0,0
llama4,True,True,1.5,gpu,152,38,0.004601816760530532,0,0,0
llama4,True,True,1.5,gpu,153,37,0.0045713143968084844,0,0,0
llama4,True,True,1.5,gpu,154,39,0.0046116459556320485,0,0,0
llama4,True,True,1.5,gpu,155,39,0.004618198205079016,0,0,0
llama4,True,True,1.5,gpu,156,41,0.004734978262052647,0,0,0
llama4,True,True,1.5,gpu,157,40,0.004713051209449789,0,0,0
llama4,True,True,1.5,gpu,158,41,0.004742544137811518,0,0,0
llama4,True,True,1.5,gpu,159,41,0.004749432400050638,0,0,0
llama4,True,True,1.5,gpu,160,42,0.004773544932786346,0,0,0
llama4,True,True,1.5,gpu,161,41,0.004729611836265246,0,0,0
llama4,True,True,1.5,gpu,162,40,0.004713731616937266,0,0,0
llama4,True,True,1.5,gpu,163,39,0.00468710178222814,0,0,0
llama4,True,True,1.5,gpu,164,39,0.004693654031675106,0,0,0
llama4,True,True,1.5,gpu,165,37,0.0046185325760090355,0,0,0
llama4,True,True,1.5,gpu,166,38,0.004659279138940138,0,0,0
llama4,True,True,1.5,gpu,167,37,0.004636677266785252,0,0,0
llama4,True,True,1.5,gpu,168,37,0.004641549452271458,0,0,0
llama4,True,True,1.5,gpu,169,37,0.0046477656889262736,0,0,0
llama4,True,True,1.5,gpu,170,38,0.004676247784943822,0,0,0
llama4,True,True,1.5,gpu,171,37,0.004620380646365873,0,0,0
llama4,True,True,1.5,gpu,172,38,0.004669866335860655,0,0,0
llama4,True,True,1.5,gpu,173,35,0.004537532293464163,0,0,0
llama4,True,True,1.5,gpu,174,37,0.004632799149836883,0,0,0
llama4,True,True,1.5,gpu,175,37,0.004639015386491699,0,0,0
llama4,True,True,1.5,gpu,176,38,0.004663638923334944,0,0,0
llama4,True,True,1.5,gpu,177,38,0.004670023166385836,0,0,0
llama4,True,True,1.5,gpu,178,38,0.004691695991479651,0,0,0
llama4,True,True,1.5,gpu,179,37,0.004652290685749433,0,0,0
llama4,True,True,1.5,gpu,180,39,0.00468841789371951,0,0,0
llama4,True,True,1.5,gpu,181,38,0.00467421773835229,0,0,0
llama4,True,True,1.5,gpu,182,37,0.004629103009123209,0,0,0
llama4,True,True,1.5,gpu,183,36,0.0045831426599783,0,0,0
llama4,True,True,1.5,gpu,184,37,0.004598359235625148,0,0,0
llama4,True,True,1.5,gpu,185,37,0.004604575472279963,0,0,0
llama4,True,True,1.5,gpu,186,36,0.004634883042034287,0,0,0
llama4,True,True,1.5,gpu,187,36,0.004640931272293026,0,0,0
llama4,True,True,1.5,gpu,188,35,0.004564399346997717,0,0,0
llama4,True,True,1.5,gpu,189,35,0.004570279570860381,0,0,0
llama4,True,True,1.5,gpu,190,36,0.0045671834493349345,0,0,0
llama4,True,True,1.5,gpu,191,35,0.004516863315795219,0,0,0
llama4,True,True,1.5,gpu,192,34,0.004514086198377312,0,0,0
llama4,True,True,1.5,gpu,193,34,0.004519798415843899,0,0,0
llama4,True,True,1.5,gpu,194,37,0.004591813971097491,0,0,0
llama4,True,True,1.5,gpu,195,37,0.004598030207752305,0,0,0
llama4,True,True,1.5,gpu,196,35,0.004540388402197457,0,0,0
llama4,True,True,1.5,gpu,197,35,0.0045462686260601196,0,0,0
llama4,True,True,1.5,gpu,198,34,0.004503007555123324,0,0,0
llama4,True,True,1.5,gpu,199,34,0.00450871977258991,0,0,0
llama4,True,True,1.5,gpu,200,31,0.004402940519660474,0,0,0
llama4,True,True,1.5,gpu,201,31,0.004408148717938832,0,0,0
llama4,True,True,1.5,gpu,202,32,0.004456118158917344,0,0,0
llama4,True,True,1.5,gpu,203,32,0.004461494363591778,0,0,0
llama4,True,True,1.5,gpu,204,30,0.004359676654755953,0,0,0
llama4,True,True,1.5,gpu,205,30,0.0043647168466382355,0,0,0
llama4,True,True,1.5,gpu,206,29,0.004286167447606152,0,0,0
llama4,True,True,1.5,gpu,207,28,0.004237695384423274,0,0,0
llama4,True,True,1.5,gpu,208,28,0.0041874544870772155,0,0,0
llama4,True,True,1.5,gpu,209,27,0.004133771431648256,0,0,0
llama4,True,True,1.5,gpu,210,29,0.004190907821031014,0,0,0
llama4,True,True,1.5,gpu,211,29,0.0041957800065172204,0,0,0
llama4,True,True,1.5,gpu,212,29,0.004200652192003426,0,0,0
llama4,True,True,1.5,gpu,213,28,0.004186109038924746,0,0,0
llama4,True,True,1.5,gpu,214,28,0.004190813218014875,0,0,0
llama4,True,True,1.5,gpu,215,26,0.00417753068895956,0,0,0
llama4,True,True,1.5,gpu,216,28,0.004255485901617134,0,0,0
llama4,True,True,1.5,gpu,217,28,0.004260190080707264,0,0,0
llama4,True,True,1.5,gpu,218,28,0.0042648942597973945,0,0,0
llama4,True,True,1.5,gpu,219,27,0.004212044251429505,0,0,0
llama4,True,True,1.5,gpu,220,29,0.004212562485334623,0,0,0
llama4,True,True,1.5,gpu,221,29,0.004217434670820829,0,0,0
llama4,True,True,1.5,gpu,222,29,0.004201801694082582,0,0,0
llama4,True,True,1.5,gpu,223,29,0.004206673879568789,0,0,0
llama4,True,True,1.5,gpu,224,31,0.0042696821109110385,0,0,0
llama4,True,True,1.5,gpu,225,31,0.004274890309189398,0,0,0
llama4,True,True,1.5,gpu,226,35,0.004365807404932615,0,0,0
llama4,True,True,1.5,gpu,227,35,0.004371687628795279,0,0,0
llama4,True,True,1.5,gpu,228,35,0.004377567852657941,0,0,0
llama4,True,True,1.5,gpu,229,32,0.00425986573354255,0,0,0
llama4,True,True,1.5,gpu,230,34,0.004377480234561113,0,0,0
llama4,True,True,1.5,gpu,231,34,0.004383192452027699,0,0,0
llama4,True,True,1.5,gpu,232,35,0.004390514124042833,0,0,0
llama4,True,True,1.5,gpu,233,35,0.004396394347905496,0,0,0
llama4,True,True,1.5,gpu,234,36,0.004443022531683124,0,0,0
llama4,True,True,1.5,gpu,235,34,0.004393124387170256,0,0,0
llama4,True,True,1.5,gpu,236,35,0.0044392415668403455,0,0,0
llama4,True,True,1.5,gpu,237,35,0.004445121790703008,0,0,0
llama4,True,True,1.5,gpu,238,36,0.004463183299212253,0,0,0
llama4,True,True,1.5,gpu,239,35,0.004423108761865455,0,0,0
llama4,True,True,1.5,gpu,240,35,0.004428988985728117,0,0,0
llama4,True,True,1.5,gpu,241,33,0.004329342787186524,0,0,0
llama4,True,True,1.5,gpu,242,33,0.004334886998257036,0,0,0
llama4,True,True,1.5,gpu,243,32,0.004295478898559094,0,0,0
llama4,True,True,1.5,gpu,244,32,0.004303541808586884,0,0,0
llama4,True,True,1.5,gpu,245,32,0.004308918013261318,0,0,0
llama4,True,True,1.5,gpu,246,34,0.0043275753500072065,0,0,0
llama4,True,True,1.5,gpu,247,33,0.004305978722261053,0,0,0
llama4,True,True,1.5,gpu,248,31,0.0042473246873781624,0,0,0
llama4,True,True,1.5,gpu,249,31,0.004252532885656521,0,0,0
llama4,True,True,1.5,gpu,250,31,0.00425774108393488,0,0,0
llama4,True,True,1.5,gpu,251,31,0.004262949282213238,0,0,0
llama4,True,True,1.5,gpu,252,31,0.004271348205033181,0,0,0
llama4,True,True,1.5,gpu,253,31,0.0042765564033115395,0,0,0
llama4,True,True,1.5,gpu,254,31,0.004284293079434211,0,0,0
llama4,True,True,1.5,gpu,255,30,0.0042388409404291155,0,0,0
llama4,True,True,1.5,gpu,256,31,0.004286138355823324,0,0,0
llama4,True,True,1.5,gpu,1,256,0.014485616686710407,0,0,0
llama4,True,True,1.5,gpu,2,258,0.014579049442564909,0,0,0
llama4,True,True,1.5,gpu,3,255,0.014556109915755736,0,0,0
llama4,True,True,1.5,gpu,4,253,0.014535106077400235,0,0,0
llama4,True,True,1.5,gpu,5,252,0.014559029404103661,0,0,0
llama4,True,True,1.5,gpu,6,251,0.014581450452129444,0,0,0
llama4,True,True,1.5,gpu,7,249,0.014596040221016415,0,0,0
llama4,True,True,1.5,gpu,8,246,0.014495298366001535,0,0,0
llama4,True,True,1.5,gpu,9,245,0.014513678878618316,0,0,0
llama4,True,True,1.5,gpu,10,243,0.014538531007504553,0,0,0
llama4,True,True,1.5,gpu,11,239,0.014491317926482904,0,0,0
llama4,True,True,1.5,gpu,12,238,0.014500127662458801,0,0,0
llama4,True,True,1.5,gpu,13,233,0.01440340514321672,0,0,0
llama4,True,True,1.5,gpu,14,233,0.014433306090766675,0,0,0
llama4,True,True,1.5,gpu,15,233,0.014500178224340406,0,0,0
llama4,True,True,1.5,gpu,16,232,0.014474214827280136,0,0,0
llama4,True,True,1.5,gpu,17,234,0.014544942970938713,0,0,0
llama4,True,True,1.5,gpu,18,235,0.01469455069360781,0,0,0
llama4,True,True,1.5,gpu,19,232,0.014643057064385016,0,0,0
llama4,True,True,1.5,gpu,20,230,0.01460709506884329,0,0,0
llama4,True,True,1.5,gpu,21,223,0.014500804322049771,0,0,0
llama4,True,True,1.5,gpu,22,223,0.014553384736086142,0,0,0
llama4,True,True,1.5,gpu,23,222,0.014520871883546626,0,0,0
llama4,True,True,1.5,gpu,24,221,0.014505658101867505,0,0,0
llama4,True,True,1.5,gpu,25,219,0.014450030976081704,0,0,0
llama4,True,True,1.5,gpu,26,211,0.014271380524217548,0,0,0
llama4,True,True,1.5,gpu,27,211,0.014338233100017205,0,0,0
llama4,True,True,1.5,gpu,28,206,0.014236649571159814,0,0,0
llama4,True,True,1.5,gpu,29,202,0.014164874028698371,0,0,0
llama4,True,True,1.5,gpu,30,204,0.014230409340901074,0,0,0
llama4,True,True,1.5,gpu,31,200,0.01415260233198724,0,0,0
llama4,True,True,1.5,gpu,32,199,0.014081282795921874,0,0,0
llama4,True,True,1.5,gpu,33,199,0.014093376462471625,0,0,0
llama4,True,True,1.5,gpu,34,199,0.014149153188985025,0,0,0
llama4,True,True,1.5,gpu,35,197,0.014138887790139769,0,0,0
llama4,True,True,1.5,gpu,36,197,0.014164939957402454,0,0,0
llama4,True,True,1.5,gpu,37,197,0.014197881783888124,0,0,0
llama4,True,True,1.5,gpu,38,194,0.014224821995923353,0,0,0
llama4,True,True,1.5,gpu,39,194,0.014223300159471628,0,0,0
llama4,True,True,1.5,gpu,40,193,0.014229089971269742,0,0,0
llama4,True,True,1.5,gpu,41,193,0.01426436153555868,0,0,0
llama4,True,True,1.5,gpu,42,192,0.014204616280032369,0,0,0
llama4,True,True,1.5,gpu,43,192,0.01421955767341224,0,0,0
llama4,True,True,1.5,gpu,44,191,0.014203005428499955,0,0,0
llama4,True,True,1.5,gpu,45,188,0.014123440761293833,0,0,0
llama4,True,True,1.5,gpu,46,186,0.014077723218908805,0,0,0
llama4,True,True,1.5,gpu,47,185,0.01406303860212742,0,0,0
llama4,True,True,1.5,gpu,48,183,0.014002564436564936,0,0,0
llama4,True,True,1.5,gpu,49,181,0.013933848178707683,0,0,0
llama4,True,True,1.5,gpu,50,185,0.01406507842760599,0,0,0
llama4,True,True,1.5,gpu,51,183,0.013998185094396067,0,0,0
llama4,True,True,1.5,gpu,52,182,0.013992371288994023,0,0,0
llama4,True,True,1.5,gpu,53,173,0.01373620881313534,0,0,0
llama4,True,True,1.5,gpu,54,174,0.013774604683505238,0,0,0
llama4,True,True,1.5,gpu,55,173,0.013738229080839836,0,0,0
llama4,True,True,1.5,gpu,56,175,0.01382157167404274,0,0,0
llama4,True,True,1.5,gpu,57,176,0.013838632129094839,0,0,0
llama4,True,True,1.5,gpu,58,171,0.013697225496431969,0,0,0
llama4,True,True,1.5,gpu,59,168,0.013650578906985861,0,0,0
llama4,True,True,1.5,gpu,60,169,0.013691329660868553,0,0,0
llama4,True,True,1.5,gpu,61,164,0.013581523597490461,0,0,0
llama4,True,True,1.5,gpu,62,164,0.01359917544494935,0,0,0
llama4,True,True,1.5,gpu,63,165,0.013609679459602893,0,0,0
llama4,True,True,1.5,gpu,64,160,0.013505060639745239,0,0,0
llama4,True,True,1.5,gpu,65,158,0.013445076523532353,0,0,0
llama4,True,True,1.5,gpu,66,156,0.013383556601029141,0,0,0
llama4,True,True,1.5,gpu,67,156,0.01342960013244102,0,0,0
llama4,True,True,1.5,gpu,68,153,0.013332729409455197,0,0,0
llama4,True,True,1.5,gpu,69,150,0.013243586980688882,0,0,0
llama4,True,True,1.5,gpu,70,149,0.013117680732721269,0,0,0
llama4,True,True,1.5,gpu,71,150,0.013149191134819774,0,0,0
llama4,True,True,1.5,gpu,72,147,0.012990837055789416,0,0,0
llama4,True,True,1.5,gpu,73,147,0.012989816444558207,0,0,0
llama4,True,True,1.5,gpu,74,147,0.012965956742347677,0,0,0
llama4,True,True,1.5,gpu,75,146,0.012931744268073336,0,0,0
llama4,True,True,1.5,gpu,76,147,0.013013484391647005,0,0,0
llama4,True,True,1.5,gpu,77,146,0.012973414045251791,0,0,0
llama4,True,True,1.5,gpu,78,145,0.012963755650514077,0,0,0
llama4,True,True,1.5,gpu,79,144,0.012908742513755123,0,0,0
llama4,True,True,1.5,gpu,80,140,0.012782394229230061,0,0,0
llama4,True,True,1.5,gpu,81,138,0.012722404525081728,0,0,0
llama4,True,True,1.5,gpu,82,135,0.01260739469925514,0,0,0
llama4,True,True,1.5,gpu,83,135,0.012610753430192797,0,0,0
llama4,True,True,1.5,gpu,84,134,0.012584120801515952,0,0,0
llama4,True,True,1.5,gpu,85,133,0.012521190409383494,0,0,0
llama4,True,True,1.5,gpu,86,131,0.012447769972436112,0,0,0
llama4,True,True,1.5,gpu,87,133,0.012515305994569244,0,0,0
llama4,True,True,1.5,gpu,88,132,0.012496568269524114,0,0,0
llama4,True,True,1.5,gpu,89,133,0.012501360066711067,0,0,0
llama4,True,True,1.5,gpu,90,133,0.012509761783498736,0,0,0
llama4,True,True,1.5,gpu,91,130,0.012477237510210053,0,0,0
llama4,True,True,1.5,gpu,92,130,0.012475225624408729,0,0,0
llama4,True,True,1.5,gpu,93,129,0.012420027717447362,0,0,0
llama4,True,True,1.5,gpu,94,125,0.012363215920107588,0,0,0
llama4,True,True,1.5,gpu,95,126,0.012383959943018604,0,0,0
llama4,True,True,1.5,gpu,96,123,0.012218702234926649,0,0,0
llama4,True,True,1.5,gpu,97,124,0.012233235609118296,0,0,0
llama4,True,True,1.5,gpu,98,126,0.012286663284932619,0,0,0
llama4,True,True,1.5,gpu,99,127,0.012366552544181727,0,0,0
llama4,True,True,1.5,gpu,100,127,0.012334799335323346,0,0,0
llama4,True,True,1.5,gpu,101,124,0.012243814424135642,0,0,0
llama4,True,True,1.5,gpu,102,120,0.012064539933895016,0,0,0
llama4,True,True,1.5,gpu,103,117,0.011923990341897148,0,0,0
llama4,True,True,1.5,gpu,104,116,0.011918865325885753,0,0,0
llama4,True,True,1.5,gpu,105,114,0.011816203394117968,0,0,0
llama4,True,True,1.5,gpu,106,111,0.011638171611988778,0,0,0
llama4,True,True,1.5,gpu,107,111,0.011619854723864901,0,0,0
llama4,True,True,1.5,gpu,108,106,0.011362856896733959,0,0,0
llama4,True,True,1.5,gpu,109,105,0.011318922403228997,0,0,0
llama4,True,True,1.5,gpu,110,103,0.01122685325631717,0,0,0
llama4,True,True,1.5,gpu,111,104,0.011266597368807266,0,0,0
llama4,True,True,1.5,gpu,112,106,0.011288283011634107,0,0,0
llama4,True,True,1.5,gpu,113,108,0.011371463186376385,0,0,0
llama4,True,True,1.5,gpu,114,108,0.011417327535521288,0,0,0
llama4,True,True,1.5,gpu,115,107,0.011379782873002668,0,0,0
llama4,True,True,1.5,gpu,116,107,0.011393900998208507,0,0,0
llama4,True,True,1.5,gpu,117,106,0.011329969552618908,0,0,0
llama4,True,True,1.5,gpu,118,105,0.011326355197188338,0,0,0
llama4,True,True,1.5,gpu,119,102,0.011222610181802022,0,0,0
llama4,True,True,1.5,gpu,120,100,0.011159594965540462,0,0,0
llama4,True,True,1.5,gpu,121,100,0.011154238318640094,0,0,0
llama4,True,True,1.5,gpu,122,98,0.011090877310699347,0,0,0
llama4,True,True,1.5,gpu,123,97,0.01106223139923731,0,0,0
llama4,True,True,1.5,gpu,124,96,0.011029546349350137,0,0,0
llama4,True,True,1.5,gpu,125,97,0.01105163582041362,0,0,0
llama4,True,True,1.5,gpu,126,92,0.01091360328551089,0,0,0
llama4,True,True,1.5,gpu,127,91,0.010882780275819171,0,0,0
llama4,True,True,1.5,gpu,128,95,0.011039547496921043,0,0,0
llama4,True,True,1.5,gpu,129,95,0.011055508104548271,0,0,0
llama4,True,True,1.5,gpu,130,91,0.010947115549645416,0,0,0
llama4,True,True,1.5,gpu,131,90,0.010908042065755765,0,0,0
llama4,True,True,1.5,gpu,132,88,0.010805549537367912,0,0,0
llama4,True,True,1.5,gpu,133,88,0.010833276180655913,0,0,0
llama4,True,True,1.5,gpu,134,89,0.01087520018534341,0,0,0
llama4,True,True,1.5,gpu,135,88,0.01082252935924249,0,0,0
llama4,True,True,1.5,gpu,136,89,0.01085908135020714,0,0,0
llama4,True,True,1.5,gpu,137,88,0.010838491363853581,0,0,0
llama4,True,True,1.5,gpu,138,87,0.010781119152630254,0,0,0
llama4,True,True,1.5,gpu,139,89,0.010883445071605897,0,0,0
llama4,True,True,1.5,gpu,140,91,0.01094125348657296,0,0,0
llama4,True,True,1.5,gpu,141,91,0.010894038101340132,0,0,0
llama4,True,True,1.5,gpu,142,91,0.010856901702888007,0,0,0
llama4,True,True,1.5,gpu,143,93,0.010963418002878516,0,0,0
llama4,True,True,1.5,gpu,144,92,0.010954084445062056,0,0,0
llama4,True,True,1.5,gpu,145,93,0.010997859314074113,0,0,0
llama4,True,True,1.5,gpu,146,95,0.011018534124556775,0,0,0
llama4,True,True,1.5,gpu,147,97,0.01106810184421294,0,0,0
llama4,True,True,1.5,gpu,148,98,0.011019130197671688,0,0,0
llama4,True,True,1.5,gpu,149,98,0.011090699525416237,0,0,0
llama4,True,True,1.5,gpu,150,97,0.01105767706575305,0,0,0
llama4,True,True,1.5,gpu,151,94,0.010898477366806866,0,0,0
llama4,True,True,1.5,gpu,152,95,0.010905440674288058,0,0,0
llama4,True,True,1.5,gpu,153,96,0.010885041290950637,0,0,0
llama4,True,True,1.5,gpu,154,97,0.010911178282342431,0,0,0
llama4,True,True,1.5,gpu,155,96,0.010848740733527307,0,0,0
llama4,True,True,1.5,gpu,156,95,0.010829162976501792,0,0,0
llama4,True,True,1.5,gpu,157,96,0.010882343409726387,0,0,0
llama4,True,True,1.5,gpu,158,95,0.010892327793490954,0,0,0
llama4,True,True,1.5,gpu,159,92,0.010689438049661812,0,0,0
llama4,True,True,1.5,gpu,160,90,0.010640700583098999,0,0,0
llama4,True,True,1.5,gpu,161,89,0.01054235017805559,0,0,0
llama4,True,True,1.5,gpu,162,90,0.010596528870769607,0,0,0
llama4,True,True,1.5,gpu,163,88,0.01046076548802324,0,0,0
llama4,True,True,1.5,gpu,164,87,0.010418842880319606,0,0,0
llama4,True,True,1.5,gpu,165,88,0.0104821134761958,0,0,0
llama4,True,True,1.5,gpu,166,88,0.010442301548261215,0,0,0
llama4,True,True,1.5,gpu,167,90,0.010451232674824895,0,0,0
llama4,True,True,1.5,gpu,168,88,0.010360497800194643,0,0,0
llama4,True,True,1.5,gpu,169,87,0.010329992642504872,0,0,0
llama4,True,True,1.5,gpu,170,90,0.010434098816392859,0,0,0
llama4,True,True,1.5,gpu,171,87,0.010363599509655538,0,0,0
llama4,True,True,1.5,gpu,172,84,0.010261694182722884,0,0,0
llama4,True,True,1.5,gpu,173,82,0.01013450890506343,0,0,0
llama4,True,True,1.5,gpu,174,83,0.010211543452563107,0,0,0
llama4,True,True,1.5,gpu,175,84,0.010243055251645473,0,0,0
llama4,True,True,1.5,gpu,176,84,0.010257167788915863,0,0,0
llama4,True,True,1.5,gpu,177,86,0.010363026033160687,0,0,0
llama4,True,True,1.5,gpu,178,82,0.010272626926444314,0,0,0
llama4,True,True,1.5,gpu,179,82,0.010232298406466746,0,0,0
llama4,True,True,1.5,gpu,180,80,0.01013484187900959,0,0,0
llama4,True,True,1.5,gpu,181,82,0.010192646103025064,0,0,0
llama4,True,True,1.5,gpu,182,80,0.010064447199053708,0,0,0
llama4,True,True,1.5,gpu,183,78,0.01000982811164437,0,0,0
llama4,True,True,1.5,gpu,184,78,0.010012188583092604,0,0,0
llama4,True,True,1.5,gpu,185,80,0.010013868891931637,0,0,0
llama4,True,True,1.5,gpu,186,80,0.010010330978727005,0,0,0
llama4,True,True,1.5,gpu,187,78,0.009949833064438862,0,0,0
llama4,True,True,1.5,gpu,188,78,0.009918760263067958,0,0,0
llama4,True,True,1.5,gpu,189,75,0.009820712098325746,0,0,0
llama4,True,True,1.5,gpu,190,74,0.009811722935204607,0,0,0
llama4,True,True,1.5,gpu,191,74,0.009762838661881915,0,0,0
llama4,True,True,1.5,gpu,192,75,0.009792662015100349,0,0,0
llama4,True,True,1.5,gpu,193,73,0.009704104238699777,0,0,0
llama4,True,True,1.5,gpu,194,74,0.009726875514234602,0,0,0
llama4,True,True,1.5,gpu,195,72,0.009639497973558148,0,0,0
llama4,True,True,1.5,gpu,196,73,0.009646987651969356,0,0,0
llama4,True,True,1.5,gpu,197,75,0.00971807555714574,0,0,0
llama4,True,True,1.5,gpu,198,77,0.00976209766874753,0,0,0
llama4,True,True,1.5,gpu,199,79,0.00981654455880921,0,0,0
llama4,True,True,1.5,gpu,200,81,0.009874523774140075,0,0,0
llama4,True,True,1.5,gpu,201,82,0.009903847299121867,0,0,0
llama4,True,True,1.5,gpu,202,85,0.009951324141661316,0,0,0
llama4,True,True,1.5,gpu,203,86,0.009972916578455882,0,0,0
llama4,True,True,1.5,gpu,204,87,0.009985432478910754,0,0,0
llama4,True,True,1.5,gpu,205,87,0.010000049035369375,0,0,0
llama4,True,True,1.5,gpu,206,87,0.010024092110798459,0,0,0
llama4,True,True,1.5,gpu,207,87,0.01001518916879029,0,0,0
llama4,True,True,1.5,gpu,208,90,0.010119622973567255,0,0,0
llama4,True,True,1.5,gpu,209,89,0.010076840776109174,0,0,0
llama4,True,True,1.5,gpu,210,89,0.010091793345359944,0,0,0
llama4,True,True,1.5,gpu,211,89,0.010130261222125918,0,0,0
llama4,True,True,1.5,gpu,212,88,0.010141417459711428,0,0,0
llama4,True,True,1.5,gpu,213,87,0.010103860224338049,0,0,0
llama4,True,True,1.5,gpu,214,86,0.010055214566823647,0,0,0
llama4,True,True,1.5,gpu,215,87,0.010093274424401395,0,0,0
llama4,True,True,1.5,gpu,216,89,0.010145204012489657,0,0,0
llama4,True,True,1.5,gpu,217,95,0.010366502698369359,0,0,0
llama4,True,True,1.5,gpu,218,96,0.010422362852027998,0,0,0
llama4,True,True,1.5,gpu,219,96,0.010469399054993854,0,0,0
llama4,True,True,1.5,gpu,220,96,0.010475118257379751,0,0,0
llama4,True,True,1.5,gpu,221,97,0.010549802112318225,0,0,0
llama4,True,True,1.5,gpu,222,94,0.010470761022074396,0,0,0
llama4,True,True,1.5,gpu,223,93,0.010509145471695132,0,0,0
llama4,True,True,1.5,gpu,224,92,0.010492590432815124,0,0,0
llama4,True,True,1.5,gpu,225,88,0.010369935495036006,0,0,0
llama4,True,True,1.5,gpu,226,87,0.010325824613231796,0,0,0
llama4,True,True,1.5,gpu,227,86,0.010309422213925381,0,0,0
llama4,True,True,1.5,gpu,228,89,0.010401266714867536,0,0,0
llama4,True,True,1.5,gpu,229,90,0.010423533971214132,0,0,0
llama4,True,True,1.5,gpu,230,87,0.010364816066960065,0,0,0
llama4,True,True,1.5,gpu,231,86,0.010302743867598194,0,0,0
llama4,True,True,1.5,gpu,232,86,0.010317192417660739,0,0,0
llama4,True,True,1.5,gpu,233,88,0.010388438550346164,0,0,0
llama4,True,True,1.5,gpu,234,88,0.01042322146226936,0,0,0
llama4,True,True,1.5,gpu,235,86,0.0103155151476677,0,0,0
llama4,True,True,1.5,gpu,236,83,0.010194962507754462,0,0,0
llama4,True,True,1.5,gpu,237,79,0.010045240379416892,0,0,0
llama4,True,True,1.5,gpu,238,76,0.009989531223469714,0,0,0
llama4,True,True,1.5,gpu,239,76,0.010018928151831443,0,0,0
llama4,True,True,1.5,gpu,240,77,0.010055811964636657,0,0,0
llama4,True,True,1.5,gpu,241,77,0.01005782804138957,0,0,0
llama4,True,True,1.5,gpu,242,78,0.01003623165852169,0,0,0
llama4,True,True,1.5,gpu,243,77,0.00996978291095867,0,0,0
llama4,True,True,1.5,gpu,244,78,0.010033211734343905,0,0,0
llama4,True,True,1.5,gpu,245,77,0.009981877974492286,0,0,0
llama4,True,True,1.5,gpu,246,77,0.009988588451448295,0,0,0
llama4,True,True,1.5,gpu,247,79,0.010037320330075664,0,0,0
llama4,True,True,1.5,gpu,248,81,0.010053454776912687,0,0,0
llama4,True,True,1.5,gpu,249,81,0.01006706329499485,0,0,0
llama4,True,True,1.5,gpu,250,81,0.01004069606969794,0,0,0
llama4,True,True,1.5,gpu,251,84,0.010133705439541733,0,0,0
llama4,True,True,1.5,gpu,252,83,0.010050625455751042,0,0,0
llama4,True,True,1.5,gpu,253,83,0.010067942687401635,0,0,0
llama4,True,True,1.5,gpu,254,79,0.009939737950616562,0,0,0
llama4,True,True,1.5,gpu,255,80,0.009918338910805857,0,0,0
llama4,True,True,1.5,gpu,256,82,0.010038647102097084,0,0,0
llama4,True,True,1.5,gpu,257,81,0.009983446401167991,0,0,0
llama4,True,True,1.5,gpu,258,81,0.00996379104981095,0,0,0
llama4,True,True,1.5,gpu,259,82,0.009944046928251493,0,0,0
llama4,True,True,1.5,gpu,260,84,0.009937500511618244,0,0,0
llama4,True,True,1.5,gpu,261,82,0.009855149192985453,0,0,0
llama4,True,True,1.5,gpu,262,83,0.009850709020291398,0,0,0
llama4,True,True,1.5,gpu,263,84,0.009881716800185535,0,0,0
llama4,True,True,1.5,gpu,264,84,0.009907739630787123,0,0,0
llama4,True,True,1.5,gpu,265,87,0.01002377286181265,0,0,0
llama4,True,True,1.5,gpu,266,85,0.009952857153983929,0,0,0
llama4,True,True,1.5,gpu,267,85,0.0099305053183865,0,0,0
llama4,True,True,1.5,gpu,268,82,0.009851936116702077,0,0,0
llama4,True,True,1.5,gpu,269,83,0.009865131027660564,0,0,0
llama4,True,True,1.5,gpu,270,82,0.009838995433252635,0,0,0
llama4,True,True,1.5,gpu,271,80,0.009809920302966166,0,0,0
llama4,True,True,1.5,gpu,272,79,0.009770683003632024,0,0,0
llama4,True,True,1.5,gpu,273,82,0.009811109165471728,0,0,0
llama4,True,True,1.5,gpu,274,82,0.009842362546093466,0,0,0
llama4,True,True,1.5,gpu,275,81,0.009847816345099424,0,0,0
llama4,True,True,1.5,gpu,276,79,0.009797901436780212,0,0,0
llama4,True,True,1.5,gpu,277,76,0.009769414904932806,0,0,0
llama4,True,True,1.5,gpu,278,76,0.009796799947493207,0,0,0
llama4,True,True,1.5,gpu,279,78,0.009875439758589843,0,0,0
llama4,True,True,1.5,gpu,280,77,0.009844769388471722,0,0,0
llama4,True,True,1.5,gpu,281,74,0.009752269625751604,0,0,0
llama4,True,True,1.5,gpu,282,74,0.009714641780966008,0,0,0
llama4,True,True,1.5,gpu,283,73,0.009680955677621688,0,0,0
llama4,True,True,1.5,gpu,284,72,0.00963819164095381,0,0,0
llama4,True,True,1.5,gpu,285,72,0.009650288101471288,0,0,0
llama4,True,True,1.5,gpu,286,74,0.009699193574430182,0,0,0
llama4,True,True,1.5,gpu,287,76,0.009762374003120093,0,0,0
llama4,True,True,1.5,gpu,288,74,0.009738999914429319,0,0,0
llama4,True,True,1.5,gpu,289,75,0.009816539878101084,0,0,0
llama4,True,True,1.5,gpu,290,75,0.009860733942172264,0,0,0
llama4,True,True,1.5,gpu,291,73,0.009801918885812607,0,0,0
llama4,True,True,1.5,gpu,292,67,0.009627823012310976,0,0,0
llama4,True,True,1.5,gpu,293,68,0.009681343649279308,0,0,0
llama4,True,True,1.5,gpu,294,69,0.009675885659321763,0,0,0
llama4,True,True,1.5,gpu,295,70,0.009731091948186305,0,0,0
llama4,True,True,1.5,gpu,296,71,0.009761928927716643,0,0,0
llama4,True,True,1.5,gpu,297,72,0.009737994425142314,0,0,0
llama4,True,True,1.5,gpu,298,74,0.009860139510919484,0,0,0
llama4,True,True,1.5,gpu,299,72,0.009840299144481753,0,0,0
llama4,True,True,1.5,gpu,300,72,0.009848199636048915,0,0,0
llama4,True,True,1.5,gpu,301,72,0.009832072419009472,0,0,0
llama4,True,True,1.5,gpu,302,72,0.009810398196931795,0,0,0
llama4,True,True,1.5,gpu,303,72,0.009822494657449273,0,0,0
llama4,True,True,1.5,gpu,304,70,0.009688246126235315,0,0,0
llama4,True,True,1.5,gpu,305,67,0.009606999998084573,0,0,0
llama4,True,True,1.5,gpu,306,67,0.009600449145621467,0,0,0
llama4,True,True,1.5,gpu,307,68,0.009604909120967859,0,0,0
llama4,True,True,1.5,gpu,308,68,0.009607940221016539,0,0,0
llama4,True,True,1.5,gpu,309,65,0.009556595040415752,0,0,0
llama4,True,True,1.5,gpu,310,66,0.00957969674080728,0,0,0
llama4,True,True,1.5,gpu,311,69,0.009663136730994046,0,0,0
llama4,True,True,1.5,gpu,312,73,0.00976882441975334,0,0,0
llama4,True,True,1.5,gpu,313,74,0.009833434875846557,0,0,0
llama4,True,True,1.5,gpu,314,75,0.009869648060051328,0,0,0
llama4,True,True,1.5,gpu,315,74,0.00981479175381756,0,0,0
llama4,True,True,1.5,gpu,316,75,0.009852004594495617,0,0,0
llama4,True,True,1.5,gpu,317,73,0.009792356491074888,0,0,0
llama4,True,True,1.5,gpu,318,73,0.009801094220654706,0,0,0
llama4,True,True,1.5,gpu,319,76,0.009915954200875425,0,0,0
llama4,True,True,1.5,gpu,320,77,0.009858237839835046,0,0,0
llama4,True,True,1.5,gpu,321,79,0.009943590921855417,0,0,0
llama4,True,True,1.5,gpu,322,77,0.00985117318929668,0,0,0
llama4,True,True,1.5,gpu,323,76,0.009827556293846029,0,0,0
llama4,True,True,1.5,gpu,324,77,0.009891158711562788,0,0,0
llama4,True,True,1.5,gpu,325,81,0.010007941807382412,0,0,0
llama4,True,True,1.5,gpu,326,79,0.009976854791294617,0,0,0
llama4,True,True,1.5,gpu,327,78,0.00997039131205007,0,0,0
llama4,True,True,1.5,gpu,328,80,0.010105143862452256,0,0,0
llama4,True,True,1.5,gpu,329,80,0.010124806198728603,0,0,0
llama4,True,True,1.5,gpu,330,81,0.010180495552023446,0,0,0
llama4,True,True,1.5,gpu,331,80,0.010167467250477173,0,0,0
llama4,True,True,1.5,gpu,332,79,0.010138478341303672,0,0,0
llama4,True,True,1.5,gpu,333,79,0.010167530874970077,0,0,0
llama4,True,True,1.5,gpu,334,78,0.010170135550162052,0,0,0
llama4,True,True,1.5,gpu,335,77,0.010153409710918243,0,0,0
llama4,True,True,1.5,gpu,336,77,0.010138961160855702,0,0,0
llama4,True,True,1.5,gpu,337,76,0.010081077945524838,0,0,0
llama4,True,True,1.5,gpu,338,76,0.01009384643162662,0,0,0
llama4,True,True,1.5,gpu,339,75,0.010043526298086905,0,0,0
llama4,True,True,1.5,gpu,340,76,0.010115688660100371,0,0,0
llama4,True,True,1.5,gpu,341,76,0.010123759952031335,0,0,0
llama4,True,True,1.5,gpu,342,78,0.010154522131197871,0,0,0
llama4,True,True,1.5,gpu,343,79,0.010172583639707116,0,0,0
llama4,True,True,1.5,gpu,344,78,0.010109322822717957,0,0,0
llama4,True,True,1.5,gpu,345,79,0.010061195399108673,0,0,0
llama4,True,True,1.5,gpu,346,79,0.010058343481326965,0,0,0
llama4,True,True,1.5,gpu,347,78,0.010018106525519538,0,0,0
llama4,True,True,1.5,gpu,348,78,0.010048851696001462,0,0,0
llama4,True,True,1.5,gpu,349,79,0.010100009067553834,0,0,0
llama4,True,True,1.5,gpu,350,80,0.01008917906387344,0,0,0
llama4,True,True,1.5,gpu,351,78,0.00999860800468768,0,0,0
llama4,True,True,1.5,gpu,352,81,0.010146404223458617,0,0,0
llama4,True,True,1.5,gpu,353,80,0.010105996467287392,0,0,0
llama4,True,True,1.5,gpu,354,79,0.010063725273936848,0,0,0
llama4,True,True,1.5,gpu,355,80,0.010099598254397883,0,0,0
llama4,True,True,1.5,gpu,356,80,0.010055227802027455,0,0,0
llama4,True,True,1.5,gpu,357,80,0.010088995690654884,0,0,0
llama4,True,True,1.5,gpu,358,81,0.010105885345343183,0,0,0
llama4,True,True,1.5,gpu,359,81,0.01012722634859643,0,0,0
llama4,True,True,1.5,gpu,360,82,0.01018562475898642,0,0,0
llama4,True,True,1.5,gpu,361,83,0.010201838197138827,0,0,0
llama4,True,True,1.5,gpu,362,82,0.01016798408739843,0,0,0
llama4,True,True,1.5,gpu,363,83,0.010191942583576682,0,0,0
llama4,True,True,1.5,gpu,364,82,0.01012078127502036,0,0,0
llama4,True,True,1.5,gpu,365,83,0.01016940318380911,0,0,0
llama4,True,True,1.5,gpu,366,84,0.010237534789300614,0,0,0
llama4,True,True,1.5,gpu,367,83,0.010207539238734518,0,0,0
llama4,True,True,1.5,gpu,368,82,0.010213837260672444,0,0,0
llama4,True,True,1.5,gpu,369,84,0.010317001814644601,0,0,0
llama4,True,True,1.5,gpu,370,83,0.010248524417473912,0,0,0
llama4,True,True,1.5,gpu,371,83,0.01025255936494746,0,0,0
llama4,True,True,1.5,gpu,372,83,0.010227534793835296,0,0,0
llama4,True,True,1.5,gpu,373,83,0.010229384261175993,0,0,0
llama4,True,True,1.5,gpu,374,80,0.010191640613738062,0,0,0
llama4,True,True,1.5,gpu,375,80,0.010173340489420524,0,0,0
llama4,True,True,1.5,gpu,376,83,0.010323491591704254,0,0,0
llama4,True,True,1.5,gpu,377,85,0.010391723388147343,0,0,0
llama4,True,True,1.5,gpu,378,83,0.010331716920192673,0,0,0
llama4,True,True,1.5,gpu,379,81,0.010254422557248507,0,0,0
llama4,True,True,1.5,gpu,380,82,0.010284759708542202,0,0,0
llama4,True,True,1.5,gpu,381,82,0.010298536233020442,0,0,0
llama4,True,True,1.5,gpu,382,81,0.01030651012796754,0,0,0
llama4,True,True,1.5,gpu,383,80,0.010287432199178667,0,0,0
llama4,True,True,1.5,gpu,384,82,0.010343055134012881,0,0,0
llama4,True,True,1.5,gpu,385,84,0.01031148694023519,0,0,0
llama4,True,True,1.5,gpu,386,83,0.010261997059788822,0,0,0
llama4,True,True,1.5,gpu,387,83,0.010251409862868304,0,0,0
llama4,True,True,1.5,gpu,388,86,0.010224464062897638,0,0,0
llama4,True,True,1.5,gpu,389,85,0.01018086139123324,0,0,0
llama4,True,True,1.5,gpu,390,86,0.010199604704213824,0,0,0
llama4,True,True,1.5,gpu,391,87,0.010234293257999155,0,0,0
llama4,True,True,1.5,gpu,392,89,0.010300002164533379,0,0,0
llama4,True,True,1.5,gpu,393,89,0.010314954733784151,0,0,0
llama4,True,True,1.5,gpu,394,87,0.010257829520272287,0,0,0
llama4,True,True,1.5,gpu,395,87,0.010272446076730904,0,0,0
llama4,True,True,1.5,gpu,396,87,0.010275302185464198,0,0,0
llama4,True,True,1.5,gpu,397,85,0.010212613203107757,0,0,0
llama4,True,True,1.5,gpu,398,85,0.010239492829496068,0,0,0
llama4,True,True,1.5,gpu,399,87,0.010320820742929922,0,0,0
llama4,True,True,1.5,gpu,400,87,0.010335437299388541,0,0,0
llama4,True,True,1.5,gpu,401,86,0.010304611495729098,0,0,0
llama4,True,True,1.5,gpu,402,86,0.010290318379207873,0,0,0
llama4,True,True,1.5,gpu,403,86,0.010304766929270417,0,0,0
llama4,True,True,1.5,gpu,404,82,0.010228301177557467,0,0,0
llama4,True,True,1.5,gpu,405,79,0.010209211828019427,0,0,0
llama4,True,True,1.5,gpu,406,79,0.010222484333309438,0,0,0
llama4,True,True,1.5,gpu,407,81,0.010312541594419938,0,0,0
llama4,True,True,1.5,gpu,408,82,0.01032439385119368,0,0,0
llama4,True,True,1.5,gpu,409,82,0.010319856281515761,0,0,0
llama4,True,True,1.5,gpu,410,81,0.010238281370370448,0,0,0
llama4,True,True,1.5,gpu,411,77,0.01007494792998299,0,0,0
llama4,True,True,1.5,gpu,412,76,0.010052351645763551,0,0,0
llama4,True,True,1.5,gpu,413,77,0.01009527949787592,0,0,0
llama4,True,True,1.5,gpu,414,76,0.010024969397170872,0,0,0
llama4,True,True,1.5,gpu,415,79,0.010158130898692988,0,0,0
llama4,True,True,1.5,gpu,416,80,0.010161739666188104,0,0,0
llama4,True,True,1.5,gpu,417,80,0.01017031078635571,0,0,0
llama4,True,True,1.5,gpu,418,79,0.010126706717707452,0,0,0
llama4,True,True,1.5,gpu,419,76,0.009999748879985393,0,0,0
llama4,True,True,1.5,gpu,420,77,0.010050057837654213,0,0,0
llama4,True,True,1.5,gpu,421,77,0.010062994330152071,0,0,0
llama4,True,True,1.5,gpu,422,75,0.010010576089698062,0,0,0
llama4,True,True,1.5,gpu,423,76,0.01002831136430219,0,0,0
llama4,True,True,1.5,gpu,424,75,0.009979314327173153,0,0,0
llama4,True,True,1.5,gpu,425,80,0.010116351396554184,0,0,0
llama4,True,True,1.5,gpu,426,79,0.010084170365855238,0,0,0
llama4,True,True,1.5,gpu,427,78,0.010033001818431971,0,0,0
llama4,True,True,1.5,gpu,428,77,0.009998472889139546,0,0,0
llama4,True,True,1.5,gpu,429,76,0.009990819395283845,0,0,0
llama4,True,True,1.5,gpu,430,76,0.009972008266858772,0,0,0
llama4,True,True,1.5,gpu,431,76,0.009959746593912942,0,0,0
llama4,True,True,1.5,gpu,432,76,0.009926645142934369,0,0,0
llama4,True,True,1.5,gpu,433,75,0.00988354509347434,0,0,0
llama4,True,True,1.5,gpu,434,76,0.009940417476461022,0,0,0
llama4,True,True,1.5,gpu,435,75,0.009891945413278144,0,0,0
llama4,True,True,1.5,gpu,436,76,0.009958552388350205,0,0,0
llama4,True,True,1.5,gpu,437,79,0.009962866953920584,0,0,0
llama4,True,True,1.5,gpu,438,80,0.009972026917405521,0,0,0
llama4,True,True,1.5,gpu,439,80,0.010004288336403714,0,0,0
llama4,True,True,1.5,gpu,440,81,0.009990774421337688,0,0,0
llama4,True,True,1.5,gpu,441,80,0.009940787506622403,0,0,0
llama4,True,True,1.5,gpu,442,84,0.01009151068841712,0,0,0
llama4,True,True,1.5,gpu,443,83,0.01009780451940346,0,0,0
llama4,True,True,1.5,gpu,444,83,0.010140980766211151,0,0,0
llama4,True,True,1.5,gpu,445,84,0.010170643097952818,0,0,0
llama4,True,True,1.5,gpu,446,84,0.010180222256496878,0,0,0
llama4,True,True,1.5,gpu,447,84,0.01020374315194753,0,0,0
llama4,True,True,1.5,gpu,448,84,0.010177695175636426,0,0,0
llama4,True,True,1.5,gpu,449,84,0.010161234739772557,0,0,0
llama4,True,True,1.5,gpu,450,85,0.010214408188077843,0,0,0
llama4,True,True,1.5,gpu,451,81,0.010098799740046887,0,0,0
llama4,True,True,1.5,gpu,452,81,0.010104684154861137,0,0,0
llama4,True,True,1.5,gpu,453,83,0.01018347939949909,0,0,0
llama4,True,True,1.5,gpu,454,82,0.010146927408534442,0,0,0
llama4,True,True,1.5,gpu,455,80,0.01011415474055044,0,0,0
llama4,True,True,1.5,gpu,456,79,0.010087523508857454,0,0,0
llama4,True,True,1.5,gpu,457,75,0.010013572265150195,0,0,0
llama4,True,True,1.5,gpu,458,76,0.0100622067467937,0,0,0
llama4,True,True,1.5,gpu,459,76,0.01001599241501802,0,0,0
llama4,True,True,1.5,gpu,460,77,0.010056927939103127,0,0,0
llama4,True,True,1.5,gpu,461,75,0.009977103701330786,0,0,0
llama4,True,True,1.5,gpu,462,79,0.010058105625737793,0,0,0
llama4,True,True,1.5,gpu,463,79,0.010071378131027806,0,0,0
llama4,True,True,1.5,gpu,464,80,0.010104403384658716,0,0,0
llama4,True,True,1.5,gpu,465,80,0.010113988131138224,0,0,0
llama4,True,True,1.5,gpu,466,82,0.010177507366588012,0,0,0
llama4,True,True,1.5,gpu,467,82,0.010181200713333963,0,0,0
llama4,True,True,1.5,gpu,468,84,0.010258161857453698,0,0,0
llama4,True,True,1.5,gpu,469,83,0.01022397173492115,0,0,0
llama4,True,True,1.5,gpu,470,85,0.010285971927886944,0,0,0
llama4,True,True,1.5,gpu,471,86,0.010325391203455781,0,0,0
llama4,True,True,1.5,gpu,472,85,0.010299602797710899,0,0,0
llama4,True,True,1.5,gpu,473,86,0.010356472386729858,0,0,0
llama4,True,True,1.5,gpu,474,85,0.010338248459759983,0,0,0
llama4,True,True,1.5,gpu,475,84,0.010329420318115613,0,0,0
llama4,True,True,1.5,gpu,476,85,0.010322444682657935,0,0,0
llama4,True,True,1.5,gpu,477,83,0.01027874461400968,0,0,0
llama4,True,True,1.5,gpu,478,81,0.010229339312814143,0,0,0
llama4,True,True,1.5,gpu,479,79,0.010141468928820355,0,0,0
llama4,True,True,1.5,gpu,480,79,0.01001529891933494,0,0,0
llama4,True,True,1.5,gpu,481,81,0.010062192506492505,0,0,0
llama4,True,True,1.5,gpu,482,81,0.01004521547858565,0,0,0
llama4,True,True,1.5,gpu,483,80,0.010019590888285258,0,0,0
llama4,True,True,1.5,gpu,484,85,0.010179125447918004,0,0,0
llama4,True,True,1.5,gpu,485,85,0.010230542390036595,0,0,0
llama4,True,True,1.5,gpu,486,82,0.010116700227079365,0,0,0
llama4,True,True,1.5,gpu,487,83,0.010132745658835698,0,0,0
llama4,True,True,1.5,gpu,488,81,0.010082496134708196,0,0,0
llama4,True,True,1.5,gpu,489,82,0.010096528283679341,0,0,0
llama4,True,True,1.5,gpu,490,80,0.010061736744974702,0,0,0
llama4,True,True,1.5,gpu,491,78,0.010036182764086521,0,0,0
llama4,True,True,1.5,gpu,492,78,0.010049287262980456,0,0,0
llama4,True,True,1.5,gpu,493,74,0.009945607269070903,0,0,0
llama4,True,True,1.5,gpu,494,74,0.009958039742380534,0,0,0
llama4,True,True,1.5,gpu,495,75,0.009986180237670481,0,0,0
llama4,True,True,1.5,gpu,496,75,0.0099971090353186,0,0,0
llama4,True,True,1.5,gpu,497,77,0.010066346076170421,0,0,0
llama4,True,True,1.5,gpu,498,79,0.010123982293789822,0,0,0
llama4,True,True,1.5,gpu,499,81,0.010176910141367509,0,0,0
llama4,True,True,1.5,gpu,500,81,0.010190518659449671,0,0,0
llama4,True,True,1.5,gpu,501,80,0.010082218158473502,0,0,0
llama4,True,True,1.5,gpu,502,81,0.010123128536849095,0,0,0
llama4,True,True,1.5,gpu,503,82,0.010197312563550925,0,0,0
llama4,True,True,1.5,gpu,504,83,0.010262259032436293,0,0,0
llama4,True,True,1.5,gpu,505,85,0.010336365464806598,0,0,0
llama4,True,True,1.5,gpu,506,84,0.010309058016577721,0,0,0
llama4,True,True,1.5,gpu,507,85,0.01036189964304244,0,0,0
llama4,True,True,1.5,gpu,508,86,0.010423478999086976,0,0,0
llama4,True,True,1.5,gpu,509,87,0.010490104134949243,0,0,0
llama4,True,True,1.5,gpu,510,86,0.010439121754712254,0,0,0
llama4,True,True,1.5,gpu,511,88,0.010529520616550353,0,0,0
llama4,True,True,1.5,gpu,512,89,0.010580519760593685,0,0,0
